studentId,class
1,12Y
2,3E
3,9P
4,6L
5,7Z
6,10T
7,8C
8,9T
9,4T
10,2H
11,11V
12,1L
13,9Z
14,8Q
15,12N
16,11C
17,8I
18,10D
19,3S
20,6F
21,1W
22,4L
23,10V
24,7M
25,3X
26,6W
27,6N
28,5R
29,9T
30,6D
31,8B
32,10D
33,5T
34,2M
35,10M
36,11F
37,2D
38,7C
39,7H
40,9K
41,7X
42,8I
43,6K
44,12T
45,6I
46,10U
47,1B
48,11F
49,7A
50,8W
51,1Y
52,12L
53,9A
54,12T
55,9N
56,7D
57,6U
58,6P
59,2I
60,9H
61,11P
62,3M
63,9D
64,2O
65,1J
66,3N
67,9F
68,2J
69,10P
70,5C
71,5K
72,3M
73,2Y
74,8J
75,8U
76,4A
77,4P
78,7O
79,8P
80,8N
81,8B
82,8P
83,1J
84,3O
85,12F
86,1E
87,7T
88,6S
89,5D
90,1H
91,5N
92,5J
93,8V
94,7G
95,2V
96,2F
97,9T
98,7G
99,12I
100,2H
101,3X
102,12K
103,10K
104,3E
105,10J
106,5D
107,5B
108,2I
109,1T
110,7S
111,11U
112,10F
113,10K
114,5D
115,6E
116,5L
117,5K
118,9G
119,1W
120,9U
121,2F
122,8L
123,12O
124,12K
125,10S
126,11R
127,3B
128,11O
129,9C
130,1W
131,7W
132,5P
133,3P
134,6J
135,11U
136,3S
137,7X
138,5U
139,10L
140,3N
141,12W
142,3J
143,12B
144,3X
145,2J
146,1L
147,5Q
148,5A
149,9Q
150,12Y
151,10B
152,12G
153,3I
154,9G
155,12K
156,3I
157,7B
158,3F
159,7Y
160,1K
161,10K
162,7C
163,9P
164,6W
165,5P
166,11D
167,6Z
168,8Y
169,6I
170,6C
171,3K
172,6M
173,8N
174,2S
175,6L
176,8L
177,8H
178,10I
179,6S
180,6Y
181,8E
182,5O
183,4G
184,3A
185,2G
186,5M
187,2C
188,1K
189,7E
190,7Q
191,8J
192,5V
193,5T
194,11P
195,4L
196,12J
197,11R
198,9J
199,7Q
200,11Y
201,8F
202,7S
203,8Z
204,1D
205,6N
206,8A
207,2Z
208,10U
209,5F
210,6Z
211,9X
212,9W
213,8U
214,7A
215,6Z
216,9C
217,10N
218,1T
219,4J
220,2L
221,2F
222,11X
223,2W
224,12V
225,10L
226,11A
227,6P
228,12N
229,10X
230,4B
231,1L
232,1O
233,1Y
234,5J
235,7Z
236,4P
237,1S
238,11R
239,6Z
240,11M
241,5V
242,2L
243,3L
244,8O
245,6S
246,2O
247,9Z
248,4K
249,8M
250,3F
251,8Q
252,3N
253,10X
254,11O
255,1M
256,4X
257,10E
258,4D
259,6D
260,8Y
261,8V
262,8V
263,1M
264,1E
265,1M
266,1H
267,5E
268,8Z
269,1F
270,5O
271,3L
272,10E
273,6Y
274,2M
275,10R
276,3Z
277,4Z
278,7L
279,3Q
280,12K
281,8G
282,5D
283,10U
284,10S
285,4G
286,4P
287,4V
288,12J
289,10H
290,8X
291,10E
292,1I
293,10X
294,11O
295,10A
296,2R
297,12U
298,6M
299,2O
300,4O
301,9C
302,2V
303,9Q
304,3B
305,10C
306,4T
307,4A
308,9F
309,6H
310,4L
311,1N
312,8Z
313,10R
314,7A
315,9O
316,11H
317,6X
318,8E
319,12O
320,10U
321,3B
322,3X
323,11G
324,5W
325,4J
326,12J
327,1B
328,3S
329,8L
330,1P
331,2A
332,3E
333,10T
334,12N
335,6W
336,9L
337,7W
338,1N
339,4I
340,5J
341,6C
342,10S
343,9C
344,12E
345,11U
346,5N
347,10G
348,2J
349,12Y
350,8W
351,11C
352,9I
353,11Y
354,5W
355,7K
356,5Q
357,8N
358,3I
359,7Y
360,12X
361,1T
362,1G
363,1K
364,11K
365,7B
366,4Z
367,4I
368,11K
369,4C
370,5S
371,3F
372,6X
373,12G
374,3T
375,9J
376,7L
377,12K
378,9H
379,1L
380,5M
381,11H
382,11Q
383,12W
384,6X
385,5E
386,1Z
387,11O
388,12P
389,7R
390,3I
391,11H
392,8J
393,12B
394,4K
395,9F
396,10E
397,9T
398,1F
399,10J
400,8F
401,12O
402,10I
403,8Z
404,5B
405,11F
406,10G
407,9C
408,11E
409,5J
410,12O
411,12O
412,5D
413,1R
414,12F
415,5P
416,4N
417,11Z
418,9D
419,5I
420,11K
421,3A
422,9R
423,8T
424,6T
425,3F
426,12W
427,2J
428,8Z
429,7A
430,4A
431,12X
432,10D
433,7H
434,2L
435,6Q
436,2R
437,7I
438,7G
439,9X
440,7J
441,6W
442,5U
443,11P
444,4W
445,6N
446,2D
447,9Z
448,12Y
449,8E
450,5V
451,2M
452,1L
453,2F
454,10H
455,3O
456,2Y
457,10A
458,7B
459,4R
460,3I
461,9H
462,4I
463,7I
464,1B
465,3U
466,4Z
467,7T
468,12F
469,11D
470,5J
471,6E
472,1O
473,8X
474,6A
475,1T
476,2D
477,5A
478,1R
479,10M
480,12Z
481,6M
482,10C
483,10U
484,6A
485,3Q
486,12U
487,5K
488,12T
489,3R
490,11O
491,10O
492,3W
493,11P
494,3W
495,3T
496,10R
497,4K
498,9E
499,3U
500,7A
501,5O
502,2E
503,2A
504,1L
505,11S
506,1L
507,5V
508,12N
509,10I
510,12K
511,2W
512,5P
513,4Y
514,4H
515,2B
516,5F
517,7P
518,3E
519,12M
520,2C
521,12E
522,3Q
523,12P
524,9F
525,12F
526,5I
527,2N
528,10V
529,2S
530,10U
531,3T
532,11X
533,2U
534,3S
535,7B
536,5I
537,8A
538,6U
539,8Y
540,3W
541,8X
542,4D
543,11B
544,11C
545,1R
546,6D
547,10S
548,2F
549,8P
550,5U
551,7U
552,12H
553,5Z
554,8P
555,8J
556,6C
557,6A
558,9W
559,5C
560,3K
561,10C
562,4N
563,3A
564,8N
565,8B
566,3I
567,12R
568,7U
569,1L
570,4V
571,11T
572,1E
573,2R
574,8P
575,1F
576,6J
577,3Y
578,1X
579,1W
580,10O
581,7A
582,6K
583,2L
584,1J
585,11K
586,9P
587,6J
588,2D
589,6V
590,7W
591,10Z
592,7D
593,10D
594,5D
595,2Q
596,1L
597,10U
598,12K
599,4O
600,2Y
601,12X
602,6I
603,10H
604,1C
605,12X
606,7G
607,6G
608,2E
609,8Q
610,2L
611,4D
612,10O
613,11F
614,4Y
615,4L
616,7I
617,6M
618,12F
619,6R
620,12O
621,12J
622,5C
623,8X
624,10H
625,10I
626,3J
627,8U
628,7E
629,7S
630,11Y
631,7W
632,1W
633,3Q
634,1E
635,6C
636,3J
637,2M
638,9X
639,3C
640,4X
641,11X
642,4U
643,10R
644,9J
645,4O
646,5A
647,12D
648,2C
649,5L
650,8K
651,11X
652,3G
653,3M
654,5U
655,12F
656,11C
657,2T
658,7X
659,4T
660,3K
661,8B
662,12E
663,6V
664,4T
665,10F
666,12B
667,9A
668,2V
669,6R
670,4B
671,4W
672,3M
673,1M
674,5R
675,11V
676,9L
677,11J
678,1N
679,4P
680,4R
681,2Z
682,12G
683,10M
684,3A
685,2Z
686,2A
687,11E
688,4N
689,1Z
690,7F
691,3B
692,10V
693,2J
694,1G
695,9Q
696,11Q
697,2U
698,5D
699,8U
700,6J
701,10M
702,10J
703,6G
704,10Y
705,1D
706,11H
707,9N
708,2Q
709,1I
710,4Q
711,10B
712,1E
713,3E
714,11T
715,1J
716,5T
717,10X
718,11Y
719,2P
720,12I
721,12P
722,8J
723,11F
724,6U
725,8R
726,5E
727,1V
728,11T
729,12X
730,1B
731,6J
732,6Y
733,12P
734,1B
735,6C
736,11V
737,4L
738,4T
739,1U
740,4P
741,9O
742,1A
743,4J
744,4I
745,7A
746,4J
747,10T
748,7A
749,3H
750,8Z
751,9Y
752,5Z
753,11V
754,9L
755,6P
756,6S
757,4P
758,3P
759,3X
760,12X
761,8O
762,1V
763,8M
764,8F
765,8Q
766,5L
767,6N
768,4A
769,5U
770,7A
771,1Q
772,4D
773,2S
774,8X
775,4B
776,9U
777,5O
778,7I
779,8U
780,8K
781,11O
782,9T
783,10C
784,11S
785,1B
786,12Q
787,5A
788,7G
789,4X
790,8J
791,7B
792,10K
793,1R
794,5C
795,7N
796,4E
797,7Z
798,2F
799,8V
800,10G
801,5N
802,11Q
803,10Y
804,10H
805,5U
806,4C
807,9H
808,8M
809,1D
810,1Z
811,7W
812,6O
813,2R
814,2S
815,4I
816,7J
817,6B
818,3C
819,9V
820,12E
821,3U
822,3Q
823,10J
824,5J
825,11H
826,5B
827,1J
828,1K
829,2O
830,2V
831,1F
832,7C
833,9S
834,3E
835,10Y
836,1N
837,5B
838,8V
839,10N
840,6A
841,2T
842,6L
843,5S
844,10U
845,6B
846,8W
847,2Y
848,7Y
849,1L
850,12T
851,12V
852,11A
853,10V
854,7P
855,4C
856,8Y
857,6E
858,8C
859,3B
860,12L
861,6F
862,4G
863,4B
864,2P
865,2N
866,8I
867,9W
868,3I
869,1Z
870,10V
871,6A
872,9W
873,7K
874,9B
875,6T
876,6K
877,12X
878,1M
879,5L
880,6U
881,3Q
882,3G
883,1F
884,10T
885,5K
886,3M
887,11U
888,11U
889,2L
890,1B
891,2W
892,4I
893,9O
894,11H
895,2H
896,2B
897,6E
898,5V
899,9Y
900,5Z
901,4Q
902,3T
903,1G
904,9V
905,11G
906,5T
907,2K
908,4N
909,1V
910,10F
911,8E
912,9X
913,3D
914,5X
915,4P
916,10Q
917,8T
918,7O
919,3C
920,9E
921,10D
922,9X
923,12J
924,7L
925,2X
926,5K
927,10J
928,5G
929,6X
930,2B
931,4Z
932,12M
933,7T
934,12O
935,8V
936,8D
937,2T
938,2L
939,11W
940,5T
941,1B
942,3K
943,5Q
944,5B
945,5R
946,3M
947,11E
948,4O
949,7R
950,12Z
951,7Q
952,10I
953,7U
954,12O
955,12Y
956,5O
957,8N
958,5L
959,12I
960,12G
961,10P
962,10O
963,2W
964,11X
965,7S
966,7G
967,10J
968,3F
969,6F
970,9I
971,4U
972,11P
973,11H
974,4K
975,8H
976,11R
977,8Y
978,6L
979,4T
980,7Y
981,2S
982,2U
983,4U
984,10O
985,4Z
986,6E
987,1L
988,10C
989,12H
990,12L
991,8Q
992,4G
993,12O
994,5B
995,11Q
996,10R
997,6Y
998,7Q
999,6Z
1000,11P
1001,4P
1002,11Q
1003,1D
1004,1V
1005,6F
1006,10M
1007,9Q
1008,1V
1009,5X
1010,4N
1011,5P
1012,1K
1013,6K
1014,1N
1015,3R
1016,7H
1017,1F
1018,11V
1019,1T
1020,1N
1021,12U
1022,8D
1023,9I
1024,10H
1025,11Y
1026,7M
1027,8P
1028,12H
1029,1Y
1030,1Y
1031,10F
1032,10Z
1033,5X
1034,9M
1035,4M
1036,5D
1037,9J
1038,12O
1039,9X
1040,7Q
1041,4X
1042,1H
1043,11W
1044,2Y
1045,4O
1046,4L
1047,10T
1048,8C
1049,9A
1050,11A
1051,12E
1052,4L
1053,5U
1054,5V
1055,6H
1056,7C
1057,11A
1058,4O
1059,12D
1060,12E
1061,3Z
1062,11Y
1063,3B
1064,5Z
1065,7A
1066,5K
1067,5E
1068,1L
1069,7U
1070,7R
1071,3H
1072,12Y
1073,3X
1074,7J
1075,9I
1076,11L
1077,1V
1078,4M
1079,2J
1080,2E
1081,7C
1082,7Q
1083,1A
1084,1B
1085,11T
1086,11H
1087,3D
1088,3K
1089,9N
1090,4K
1091,3Z
1092,4V
1093,3J
1094,12I
1095,4R
1096,7G
1097,11L
1098,9H
1099,12B
1100,2J
1101,12K
1102,8Z
1103,1U
1104,9X
1105,11P
1106,11U
1107,9J
1108,4S
1109,10J
1110,4R
1111,9X
1112,4B
1113,2X
1114,12I
1115,6W
1116,12X
1117,9D
1118,7Q
1119,8N
1120,5Z
1121,4M
1122,2E
1123,5G
1124,10A
1125,9U
1126,2B
1127,12C
1128,1L
1129,7F
1130,9S
1131,11H
1132,12E
1133,7W
1134,5Z
1135,9G
1136,4X
1137,2T
1138,2P
1139,6S
1140,7W
1141,9B
1142,4T
1143,3M
1144,11R
1145,3P
1146,10B
1147,12Q
1148,5B
1149,11G
1150,7P
1151,10Z
1152,8R
1153,10H
1154,9L
1155,10E
1156,10T
1157,5P
1158,5X
1159,7N
1160,5O
1161,5B
1162,10M
1163,6N
1164,3B
1165,4K
1166,2G
1167,5W
1168,9U
1169,10V
1170,7N
1171,12D
1172,3E
1173,6I
1174,3Z
1175,12V
1176,12K
1177,4A
1178,3W
1179,6F
1180,12D
1181,6Y
1182,4G
1183,7B
1184,4A
1185,9H
1186,7H
1187,12P
1188,7X
1189,5R
1190,3C
1191,8X
1192,9C
1193,3Z
1194,3X
1195,9N
1196,5E
1197,12K
1198,2M
1199,5X
1200,1Q
1201,8R
1202,8A
1203,5O
1204,8N
1205,6C
1206,2R
1207,10A
1208,2H
1209,9R
1210,8R
1211,5B
1212,10C
1213,10G
1214,1B
1215,2P
1216,9C
1217,2B
1218,1M
1219,3Q
1220,12I
1221,11D
1222,9B
1223,5Z
1224,5R
1225,4Z
1226,12Z
1227,12T
1228,5U
1229,11P
1230,2I
1231,10J
1232,5L
1233,11B
1234,5W
1235,5M
1236,4C
1237,6J
1238,9B
1239,3F
1240,12S
1241,2J
1242,10E
1243,11Y
1244,10M
1245,10R
1246,10U
1247,3V
1248,11G
1249,4K
1250,2J
1251,6H
1252,12O
1253,11O
1254,7N
1255,8U
1256,2S
1257,6H
1258,1V
1259,7J
1260,3G
1261,11B
1262,4K
1263,12F
1264,11H
1265,1G
1266,2M
1267,6Y
1268,5X
1269,7I
1270,11K
1271,11Y
1272,11L
1273,1O
1274,1W
1275,5J
1276,8W
1277,11K
1278,1O
1279,3B
1280,12G
1281,9F
1282,9H
1283,5X
1284,11Y
1285,5F
1286,6O
1287,3I
1288,9V
1289,7W
1290,1Q
1291,3T
1292,9I
1293,9S
1294,3G
1295,4T
1296,10K
1297,3B
1298,10V
1299,8N
1300,8O
1301,11G
1302,8H
1303,7S
1304,1T
1305,3F
1306,7Y
1307,9R
1308,1K
1309,12F
1310,3V
1311,6R
1312,7F
1313,8N
1314,2V
1315,4S
1316,5A
1317,5A
1318,12G
1319,12G
1320,1A
1321,1O
1322,7D
1323,2E
1324,10N
1325,11E
1326,3T
1327,9I
1328,3D
1329,11X
1330,11B
1331,11W
1332,6P
1333,5F
1334,8J
1335,12Y
1336,2U
1337,11O
1338,7O
1339,11E
1340,5L
1341,11S
1342,6O
1343,5N
1344,8C
1345,1L
1346,7D
1347,10P
1348,12P
1349,11A
1350,11M
1351,11O
1352,3L
1353,3E
1354,9R
1355,8L
1356,3B
1357,1A
1358,6Q
1359,11L
1360,9J
1361,5C
1362,11I
1363,5M
1364,7C
1365,3E
1366,11I
1367,7N
1368,7K
1369,1Q
1370,1F
1371,6L
1372,5K
1373,11Q
1374,9J
1375,9M
1376,5S
1377,2S
1378,8T
1379,6L
1380,11D
1381,8Q
1382,9D
1383,2Y
1384,9T
1385,2N
1386,2U
1387,1L
1388,1A
1389,1U
1390,5E
1391,5X
1392,5F
1393,3D
1394,1E
1395,7S
1396,9Y
1397,5G
1398,4W
1399,10T
1400,5E
1401,6K
1402,8Y
1403,4O
1404,12I
1405,5Y
1406,11S
1407,6C
1408,8I
1409,7M
1410,12N
1411,2W
1412,11S
1413,12A
1414,12H
1415,11N
1416,9I
1417,7P
1418,7G
1419,2W
1420,11Q
1421,9S
1422,5O
1423,11B
1424,2C
1425,9M
1426,8I
1427,12H
1428,6L
1429,4Q
1430,4K
1431,8L
1432,9U
1433,11G
1434,11J
1435,1K
1436,1A
1437,1G
1438,2A
1439,5E
1440,4Z
1441,4I
1442,11U
1443,12P
1444,10R
1445,12D
1446,12K
1447,3V
1448,12H
1449,12E
1450,2B
1451,12R
1452,12J
1453,11V
1454,9C
1455,12S
1456,6S
1457,10D
1458,7R
1459,5B
1460,7I
1461,7Q
1462,8G
1463,2B
1464,1U
1465,4Z
1466,9U
1467,6U
1468,11T
1469,9Z
1470,8X
1471,12L
1472,2I
1473,1D
1474,10F
1475,9T
1476,12Z
1477,4M
1478,7A
1479,11W
1480,10V
1481,5R
1482,12T
1483,4G
1484,4H
1485,7G
1486,5Q
1487,1S
1488,2G
1489,8Y
1490,4D
1491,12D
1492,5M
1493,3T
1494,12M
1495,1C
1496,8H
1497,5W
1498,4P
1499,7T
1500,4D
1501,8G
1502,1N
1503,1V
1504,11B
1505,11I
1506,11K
1507,1U
1508,10L
1509,11Z
1510,12W
1511,12K
1512,12U
1513,4Q
1514,9W
1515,10D
1516,11D
1517,5H
1518,2X
1519,9F
1520,11D
1521,5L
1522,9G
1523,1D
1524,12N
1525,10Z
1526,5L
1527,6R
1528,12L
1529,6T
1530,1K
1531,6E
1532,1I
1533,11O
1534,12B
1535,6G
1536,7X
1537,1S
1538,5Q
1539,3I
1540,7P
1541,7A
1542,4A
1543,2N
1544,12C
1545,10I
1546,4V
1547,4E
1548,1A
1549,3L
1550,12Q
1551,2A
1552,3F
1553,5K
1554,12C
1555,3S
1556,10Z
1557,1F
1558,4G
1559,4K
1560,12H
1561,12L
1562,8L
1563,7O
1564,6E
1565,8R
1566,4B
1567,7L
1568,5R
1569,2N
1570,4E
1571,7K
1572,1Y
1573,7I
1574,5G
1575,11F
1576,3A
1577,12A
1578,11Q
1579,6F
1580,11H
1581,1S
1582,7P
1583,6L
1584,8K
1585,5U
1586,4R
1587,5T
1588,6J
1589,4T
1590,12M
1591,8B
1592,5V
1593,8K
1594,5Z
1595,9C
1596,6H
1597,1O
1598,11Z
1599,11F
1600,8X
1601,1N
1602,2P
1603,11C
1604,1F
1605,11B
1606,3J
1607,9O
1608,12S
1609,3B
1610,1D
1611,4Q
1612,9B
1613,4W
1614,3B
1615,5C
1616,12G
1617,8U
1618,11H
1619,5Q
1620,6Z
1621,10A
1622,5L
1623,5D
1624,6L
1625,2W
1626,4Y
1627,10D
1628,7P
1629,4V
1630,3D
1631,5A
1632,4Z
1633,1M
1634,1B
1635,3C
1636,5Q
1637,10Q
1638,7E
1639,2I
1640,3X
1641,7P
1642,6O
1643,1D
1644,4C
1645,8F
1646,12E
1647,1U
1648,7E
1649,12F
1650,8H
1651,7M
1652,6I
1653,8D
1654,11Q
1655,11U
1656,8B
1657,1K
1658,8T
1659,12J
1660,12X
1661,12N
1662,9N
1663,3H
1664,4S
1665,7A
1666,2H
1667,6L
1668,4P
1669,9V
1670,9P
1671,5L
1672,5C
1673,7I
1674,8N
1675,8U
1676,4S
1677,8W
1678,8J
1679,10P
1680,12B
1681,1P
1682,1W
1683,8Q
1684,8N
1685,3Y
1686,8K
1687,9T
1688,2U
1689,4P
1690,5S
1691,9Q
1692,8M
1693,10Q
1694,11A
1695,8X
1696,7R
1697,7R
1698,6L
1699,1D
1700,12K
1701,4V
1702,2V
1703,9X
1704,12W
1705,6C
1706,2E
1707,11N
1708,9H
1709,2R
1710,3Q
1711,10B
1712,4K
1713,7T
1714,7H
1715,9N
1716,5K
1717,6N
1718,6M
1719,11V
1720,5V
1721,12Q
1722,7K
1723,4Q
1724,4X
1725,12I
1726,2O
1727,10X
1728,11D
1729,3B
1730,2H
1731,2Q
1732,11V
1733,11L
1734,6N
1735,11W
1736,2K
1737,10O
1738,3L
1739,2H
1740,11N
1741,1S
1742,11R
1743,8P
1744,9N
1745,3N
1746,10I
1747,8G
1748,1J
1749,11F
1750,4H
1751,2X
1752,2L
1753,5X
1754,9Q
1755,6Q
1756,1Q
1757,3D
1758,4Y
1759,6J
1760,1C
1761,10H
1762,2D
1763,4W
1764,1V
1765,1I
1766,3P
1767,10S
1768,10Q
1769,6M
1770,2O
1771,9X
1772,2A
1773,12P
1774,11R
1775,12V
1776,8Y
1777,5J
1778,10P
1779,2G
1780,12X
1781,3Y
1782,1L
1783,1V
1784,7X
1785,4S
1786,6N
1787,6J
1788,1X
1789,4J
1790,10N
1791,2N
1792,11Z
1793,2E
1794,6T
1795,2F
1796,11U
1797,4U
1798,10G
1799,5N
1800,9D
1801,10A
1802,9N
1803,4G
1804,11S
1805,7T
1806,3T
1807,7I
1808,2M
1809,3O
1810,7Q
1811,5J
1812,12A
1813,1Z
1814,12W
1815,4A
1816,6L
1817,2E
1818,9A
1819,2K
1820,8D
1821,6S
1822,12Y
1823,8B
1824,11V
1825,2J
1826,11K
1827,5S
1828,12C
1829,11H
1830,1A
1831,1T
1832,11D
1833,4U
1834,4F
1835,2S
1836,5X
1837,4K
1838,6V
1839,2D
1840,11O
1841,3U
1842,3V
1843,7C
1844,7K
1845,1V
1846,1L
1847,8R
1848,9T
1849,9A
1850,12P
1851,2X
1852,8D
1853,6S
1854,6I
1855,12E
1856,6J
1857,11J
1858,7L
1859,4Z
1860,7A
1861,3P
1862,8M
1863,4I
1864,1G
1865,12E
1866,11H
1867,11H
1868,12G
1869,6J
1870,8L
1871,9Z
1872,3N
1873,12O
1874,12J
1875,4H
1876,11H
1877,9Z
1878,8H
1879,12W
1880,10Z
1881,11Q
1882,10R
1883,3Z
1884,9D
1885,12U
1886,6U
1887,3B
1888,4U
1889,8T
1890,10S
1891,4A
1892,6X
1893,11V
1894,7M
1895,5S
1896,10L
1897,4P
1898,2E
1899,10M
1900,1Y
1901,3N
1902,4U
1903,3R
1904,9Y
1905,3S
1906,2J
1907,6N
1908,11W
1909,9F
1910,2I
1911,1N
1912,7W
1913,2G
1914,1Y
1915,7H
1916,1K
1917,12X
1918,1N
1919,7K
1920,6S
1921,7B
1922,5I
1923,11I
1924,11A
1925,4E
1926,8L
1927,11I
1928,2Q
1929,2S
1930,11T
1931,10G
1932,5G
1933,1L
1934,11L
1935,7I
1936,8F
1937,1C
1938,10O
1939,2Z
1940,9C
1941,3S
1942,11C
1943,3O
1944,9F
1945,4A
1946,2E
1947,5J
1948,11M
1949,10J
1950,8L
1951,1P
1952,10Y
1953,3K
1954,8T
1955,6G
1956,11R
1957,7Y
1958,9O
1959,4M
1960,10J
1961,11H
1962,9G
1963,4I
1964,4R
1965,9Z
1966,2G
1967,2C
1968,3D
1969,12E
1970,11W
1971,6P
1972,3K
1973,9R
1974,4Q
1975,4I
1976,4P
1977,11K
1978,1K
1979,8I
1980,6M
1981,6I
1982,7L
1983,11M
1984,9T
1985,7R
1986,12A
1987,2J
1988,12N
1989,1E
1990,6J
1991,4U
1992,6P
1993,11Z
1994,1D
1995,12D
1996,12I
1997,10D
1998,12A
1999,3P
2000,9J